{
    "Ar36": {
        "error": 0.0026872514976803378, 
        "fit": "parabolic", 
        "value": 0.029950614332113892
    }, 
    "Ar37": {
        "error": 0.22814612919274904, 
        "fit": "linear", 
        "value": 0.44725321988952615
    }, 
    "Ar38": {
        "error": 0.11685138463119199, 
        "fit": "linear", 
        "value": 1.6456361696647483
    }, 
    "Ar39": {
        "error": 0.10091547215902252, 
        "fit": "parabolic", 
        "value": 102.62359831179988
    }, 
    "Ar40": {
        "error": 0.44421904020199654, 
        "fit": "parabolic", 
        "value": 1419.5079587911514
    }, 
    "Ar41": {
        "error": 0.11644244804160769, 
        "fit": "average_SEM", 
        "value": 0.40876563685014844
    }
}