{
    "Ar36": {
        "error": 0.00014620908736910661, 
        "fit": "parabolic", 
        "value": 9.5996530687121357e-05
    }, 
    "Ar37": {
        "error": 0.1318658841085682, 
        "fit": "linear", 
        "value": -0.017834897352924844
    }, 
    "Ar38": {
        "error": 0.11473785772186051, 
        "fit": "linear", 
        "value": 1.4298556405044087
    }, 
    "Ar39": {
        "error": 0.10591514443685228, 
        "fit": "parabolic", 
        "value": 115.82253918972083
    }, 
    "Ar40": {
        "error": 0.48638005977592785, 
        "fit": "parabolic", 
        "value": 1598.6543054191804
    }, 
    "Ar41": {
        "error": 0.1185193898660372, 
        "fit": "average_SEM", 
        "value": -0.0036105904546639067
    }
}