{
    "Ar36": {
        "error": 0.0012713327007251778, 
        "fit": "parabolic", 
        "value": 0.001418597091092376
    }, 
    "Ar37": {
        "error": 0.2456196907983216, 
        "fit": "linear", 
        "value": 0.67065726163935735
    }, 
    "Ar38": {
        "error": 0.11013575243941046, 
        "fit": "linear", 
        "value": 0.39192321592808887
    }, 
    "Ar39": {
        "error": 0.055233715223013832, 
        "fit": "parabolic", 
        "value": -0.033581791654891016
    }, 
    "Ar40": {
        "error": 0.11861451083247122, 
        "fit": "parabolic", 
        "value": 0.77110495000259882
    }, 
    "Ar41": {
        "error": 0.11585890321186605, 
        "fit": "average_SEM", 
        "value": 0.46790259428322317
    }
}