{
    "AX": {
        "error": 0.05567084641430049, 
        "fit": "average_SEM", 
        "value": -0.015723134655005803
    }, 
    "CDD": {
        "error": 0.0002352096416895647, 
        "fit": "average_SEM", 
        "value": 0.00031959717258966215
    }, 
    "H1": {
        "error": 0.11749225315730129, 
        "fit": "average_SEM", 
        "value": -0.32348154271021484
    }, 
    "H2": {
        "error": 0.11380212452017667, 
        "fit": "average_SEM", 
        "value": -0.21320030330680312
    }, 
    "L1": {
        "error": 0.11856277355182891, 
        "fit": "average_SEM", 
        "value": -0.25213788580925517
    }, 
    "L2": {
        "error": 0.26159702216411024, 
        "fit": "average_SEM", 
        "value": -0.24455651215394028
    }
}