{
    "AX": {
        "error": 0.05290620868638249, 
        "fit": "average_SEM", 
        "value": -0.05258377830032259
    }, 
    "CDD": {
        "error": 0.00023840273776753624, 
        "fit": "average_SEM", 
        "value": 0.00031323069609546416
    }, 
    "H1": {
        "error": 0.12321610550650473, 
        "fit": "average_SEM", 
        "value": 0.575869248683254
    }, 
    "H2": {
        "error": 0.12051395791981596, 
        "fit": "average_SEM", 
        "value": 0.44286175481975076
    }, 
    "L1": {
        "error": 0.10434903269059997, 
        "fit": "average_SEM", 
        "value": 0.35967598085602126
    }, 
    "L2": {
        "error": 0.2319834222655413, 
        "fit": "average_SEM", 
        "value": 0.5313203903536002
    }
}