{
    "AX": {
        "error": 0.053160100242462656, 
        "fit": "average_SEM", 
        "value": -0.021529994071342873
    }, 
    "CDD": {
        "error": 0.00010951658188616727, 
        "fit": "average_SEM", 
        "value": 9.58208811579872e-05
    }, 
    "H1": {
        "error": 0.10441770940924745, 
        "fit": "average_SEM", 
        "value": 0.1148071631484119
    }, 
    "H2": {
        "error": 0.11696845453062749, 
        "fit": "average_SEM", 
        "value": 0.07234636102026949
    }, 
    "L1": {
        "error": 0.0913410069388786, 
        "fit": "average_SEM", 
        "value": 0.046352744793694
    }, 
    "L2": {
        "error": 0.225767839029734, 
        "fit": "average_SEM", 
        "value": 0.3382943275384605
    }
}