{
    "AX": {
        "error": 0.043511317193136376, 
        "fit": "average_SEM", 
        "value": -0.02184201226918958
    }, 
    "CDD": {
        "error": 7.081604929873542e-05, 
        "fit": "average_SEM", 
        "value": 6.849451616791815e-05
    }, 
    "H1": {
        "error": 0.11522442930101232, 
        "fit": "average_SEM", 
        "value": -0.4771011265615622
    }, 
    "H2": {
        "error": 0.10785395548893706, 
        "fit": "average_SEM", 
        "value": -0.32423455007374286
    }, 
    "L1": {
        "error": 0.06251360779060962, 
        "fit": "average_SEM", 
        "value": -0.344247260303409
    }, 
    "L2": {
        "error": 0.24492668130955172, 
        "fit": "average_SEM", 
        "value": -0.5648115281636517
    }
}