{
    "AX": {
        "error": 0.06336037313407844, 
        "fit": "average_SEM", 
        "value": -0.058294648430213175
    }, 
    "CDD": {
        "error": 0.00015266165321998446, 
        "fit": "average_SEM", 
        "value": 0.00013420534354130115
    }, 
    "H1": {
        "error": 0.10837560524454602, 
        "fit": "average_SEM", 
        "value": -0.04250622202816885
    }, 
    "H2": {
        "error": 0.10822820409186948, 
        "fit": "average_SEM", 
        "value": -0.04975294754258357
    }, 
    "L1": {
        "error": 0.12331386494301817, 
        "fit": "average_SEM", 
        "value": -0.07228020395074661
    }, 
    "L2": {
        "error": 0.14036481572671686, 
        "fit": "average_SEM", 
        "value": -0.031601780546770895
    }
}