{
    "AX": {
        "error": 0.049722833303492704, 
        "fit": "average_SEM", 
        "value": -0.04065780627352069
    }, 
    "CDD": {
        "error": 0.00021485623020237965, 
        "fit": "average_SEM", 
        "value": 0.00035906933383860937
    }, 
    "H1": {
        "error": 0.1142005590959152, 
        "fit": "average_SEM", 
        "value": 0.1825304872986938
    }, 
    "H2": {
        "error": 0.10916342626703189, 
        "fit": "average_SEM", 
        "value": 0.16054280472841734
    }, 
    "L1": {
        "error": 0.1121641617500217, 
        "fit": "average_SEM", 
        "value": 0.11752186547770786
    }, 
    "L2": {
        "error": 0.21755464711921282, 
        "fit": "average_SEM", 
        "value": 0.23456621948086345
    }
}