{
    "Ar36": {
        "error": 0.026016353134005014, 
        "fit": "parabolic", 
        "value": 4.4114017202105718
    }, 
    "Ar37": {
        "error": 0.22555264949384435, 
        "fit": "linear", 
        "value": 0.39967586431274871
    }, 
    "Ar38": {
        "error": 0.1168405700653346, 
        "fit": "linear", 
        "value": 1.1432729941741133
    }, 
    "Ar39": {
        "error": 0.057935169505648421, 
        "fit": "parabolic", 
        "value": -0.023638332933599404
    }, 
    "Ar40": {
        "error": 0.42641283243699335, 
        "fit": "parabolic", 
        "value": 1332.9297354244241
    }, 
    "Ar41": {
        "error": 0.11439581697758149, 
        "fit": "average_SEM", 
        "value": 0.35685519125778226
    }
}