{
    "Ar36": {
        "error": 0.0014018301953679822, 
        "fit": "parabolic", 
        "value": 0.0051574724440607619
    }, 
    "Ar37": {
        "error": 0.13068216254958243, 
        "fit": "linear", 
        "value": -0.046660460468528092
    }, 
    "Ar38": {
        "error": 0.12033956666413713, 
        "fit": "linear", 
        "value": -0.075201725080309534
    }, 
    "Ar39": {
        "error": 0.05757552836675589, 
        "fit": "parabolic", 
        "value": -0.07060136021281449
    }, 
    "Ar40": {
        "error": 0.11664427842933625, 
        "fit": "parabolic", 
        "value": 1.2167577629226263
    }, 
    "Ar41": {
        "error": 0.12236428411728102, 
        "fit": "average_SEM", 
        "value": -0.050501275131973673
    }
}