{
    "Ar36": {
        "error": 0.0022197444665138801, 
        "fit": "parabolic", 
        "value": 0.02051341574543749
    }, 
    "Ar37": {
        "error": 0.24108722687479628, 
        "fit": "linear", 
        "value": 0.099793288020712217
    }, 
    "Ar38": {
        "error": 0.11511798628750483, 
        "fit": "linear", 
        "value": 0.0079466084358685973
    }, 
    "Ar39": {
        "error": 0.057586498179932839, 
        "fit": "parabolic", 
        "value": 0.0062396346918499983
    }, 
    "Ar40": {
        "error": 0.12320804860584678, 
        "fit": "parabolic", 
        "value": 6.0681402854698874
    }, 
    "Ar41": {
        "error": 0.11696377778872737, 
        "fit": "average_SEM", 
        "value": 0.041915589565542179
    }
}